{
  "project_info": {
    "project_number": "657698587640",
    "firebase_url": "https://aware-1dffd.firebaseio.com",
    "project_id": "aware-1dffd",
    "storage_bucket": "aware-1dffd.appspot.com"
  },
  "client": [
    {
      "client_info": {
        "mobilesdk_app_id": "1:657698587640:android:d313109df4d02be3",
        "android_client_info": {
          "package_name": "kutz.connor.Aware"
        }
      },
      "oauth_client": [
        {
          "client_id": "657698587640-mcaul3ahmjokhli24d5os70fqb4vtfhl.apps.googleusercontent.com",
          "client_type": 3
        }
      ],
      "api_key": [
        {
          "current_key": "AIzaSyCWPgkqDgWMffgHIdNQmZZTQwXu3R6uhxg"
        }
      ],
      "services": {
        "analytics_service": {
          "status": 1
        },
        "appinvite_service": {
          "status": 1,
          "other_platform_oauth_client": []
        },
        "ads_service": {
          "status": 2
        }
      }
    }
  ],
  "configuration_version": "1"
}